experiment,model,num_samples,target_index,n_qubits,scaled_loss,mse,rmse,mae
full_benchmark,mlp_pooled,20000,0,0,0.7118175723552704,1.6329578161239624,1.2778723786528772,0.9643850326538086
full_benchmark,gcn_graph,20000,0,0,0.39942707765102387,0.9163128137588501,0.9572422962650836,0.7002053260803223
full_benchmark,gat_graph,20000,0,0,0.4315271365642548,0.9899524450302124,0.9949635395481647,0.7257541418075562
full_benchmark,qnn_pooled,20000,0,4,0.7107181839942932,1.6304357051849365,1.2768851573986348,0.9629508256912231
full_benchmark,qnn_graph,20000,0,4,0.37403997373580933,0.8580729961395264,0.9263222960393032,0.6800377368927002
